row_id,col_0,col_1,col_2,col_3,col_4,col_5,pop,importance
890,0.972150384182613,-0.03299919732658374,1.6943267430014213,-1.0248177176011706,-1.292554662290398,1.3265642544771323,2,7.362633665421044
3,-1.1419270655286566,-0.692983143858261,-0.15006654477845338,-1.6757022635530097,1.6925600312209135,0.8216552512506167,2,7.330213119203524
496,0.6469076996116484,-0.19799518395950305,0.5206219235051375,-1.0248177176011706,1.5267203260258406,-0.019859754126909674,2,6.183977973758702
817,-0.16619901181576294,-0.19799518395950305,-0.15006654477845338,0.11423023781454775,-0.2975164311199608,1.3265642544771323,2,5.490998596054772
120,-1.304548407814139,1.1219727091038514,-1.6591155984165327,1.4159993297182258,1.3608806208307678,-1.7028897648819623,1,4.1981558010094115
456,-0.3288203541012452,-1.3529670903899382,1.6943267430014213,1.4159993297182258,-1.6242340726805438,-1.534586763806457,1,4.126993308372929
97,1.6226357533245421,1.45196468236969,-1.6591155984165327,1.4159993297182258,1.3608806208307678,0.6533522501751113,1,4.122400334527148
384,1.2973930687535775,1.6169606690026093,-0.6530828959911464,-1.6757022635530097,1.6925600312209135,-0.019859754126909674,1,3.954124823696727
385,1.1347717264680952,1.1219727091038514,1.6943267430014213,1.4159993297182258,1.3608806208307678,-0.6930717584289308,1,3.8767929351341834
518,-0.9793057232431743,1.2869686957367708,0.35294980643423973,-1.6757022635530097,-1.6242340726805438,1.1582612534016272,1,3.8381145130448773
535,1.2973930687535775,1.1219727091038514,1.358982508859626,1.2532781932302661,-1.6242340726805438,0.4850492490996061,1,3.8043233623200647
862,0.8095290418971307,-0.8579791304911802,1.6943267430014213,-1.0248177176011706,1.029201210440622,1.663170256628143,1,3.7947868516983236
826,-1.6297910923851033,-1.5179630770228574,-0.6530828959911464,-0.21121203516137177,-1.6242340726805438,0.9899582523261219,1,3.788485591711154
610,0.6469076996116484,1.6169606690026093,-0.6530828959911464,1.4159993297182258,1.6925600312209135,0.8216552512506167,1,3.7795214507325627
847,1.2973930687535775,1.6169606690026093,-0.9884271301329418,0.11423023781454775,0.8633615052455492,-1.7028897648819623,1,3.765263573348131
187,1.2973930687535775,-1.3529670903899382,-0.31773866184935107,1.2532781932302661,-0.7950355467051794,-1.7028897648819623,1,3.7429342099651914
211,1.6226357533245421,-0.19799518395950305,1.6943267430014213,-0.21121203516137177,0.8633615052455492,-1.534586763806457,1,3.742642115414983
657,1.2973930687535775,-1.3529670903899382,0.6882940405760352,1.5787204662061856,0.8633615052455492,1.1582612534016272,1,3.726148167461458
7,-1.1419270655286566,-0.8579791304911802,-1.491443481345635,1.4159993297182258,1.3608806208307678,-0.3564657562779202,1,3.675948123264914
250,-0.9793057232431743,-0.19799518395950305,-1.6591155984165327,1.5787204662061856,-0.13167672592488794,-1.3662837627309516,1,3.6602843180904614
783,-1.467169750099621,1.2869686957367708,-1.491443481345635,0.7651147837663868,1.029201210440622,0.6533522501751113,1,3.65750710648536
512,0.8095290418971307,1.2869686957367708,1.5266546259305236,0.7651147837663868,1.195040915635695,1.1582612534016272,1,3.6502711590549892
706,-0.3288203541012452,-1.5179630770228574,1.6943267430014213,0.602393647278427,1.5267203260258406,0.1484432469485956,1,3.64668502032311
191,-1.467169750099621,-0.5279871572253416,-0.15006654477845338,-1.51298112706505,1.6925600312209135,0.4850492490996061,1,3.6232356472730896
63,-1.467169750099621,-0.8579791304911802,-1.491443481345635,-0.699375444625251,1.195040915635695,-0.861374759504436,1,3.610570626381282
837,0.8095290418971307,-1.5179630770228574,-1.1560992472038396,1.2532781932302661,-1.292554662290398,-0.3564657562779202,1,3.606158649714958
206,-0.3288203541012452,1.1219727091038514,-0.31773866184935107,1.4159993297182258,1.3608806208307678,-1.534586763806457,1,3.5989153885219993
467,-1.6297910923851033,-0.36299117059242236,-1.491443481345635,-0.699375444625251,-0.46335613631503364,-1.3662837627309516,1,3.5908732809133475
538,-0.003577669530280649,-0.5279871572253416,-1.6591155984165327,-1.35025999057709,0.6975218000504764,1.4948672555526377,1,3.5899102030298273
636,1.2973930687535775,-0.8579791304911802,0.18527768936334202,0.9278359202543466,1.5267203260258406,-1.3662837627309516,1,3.58047349043829
799,-1.304548407814139,-1.5179630770228574,0.35294980643423973,-1.6757022635530097,-0.6291958415101065,-0.3564657562779202,1,3.5736127279689494
670,-1.6297910923851033,-1.5179630770228574,-0.48541077892024875,0.11423023781454775,-1.458394367485471,-0.18816275520241493,1,3.566578925729818
768,-1.467169750099621,-0.692983143858261,-1.491443481345635,-0.04849089867341202,1.3608806208307678,-0.861374759504436,1,3.5661312336866353
898,-0.3288203541012452,-1.0229751171240995,-1.6591155984165327,1.0905570567423064,-0.13167672592488794,1.4948672555526377,1,3.561979131649894
83,1.1347717264680952,-1.6829590636557767,-0.15006654477845338,-0.5366543081372913,1.6925600312209135,-0.18816275520241493,1,3.55758525836049
278,0.8095290418971307,0.7919807358380128,-1.6591155984165327,-1.1875388540891303,-0.13167672592488794,-1.3662837627309516,1,3.5549899866561745
815,0.8095290418971307,1.2869686957367708,0.8559661576469328,1.0905570567423064,1.5267203260258406,-0.861374759504436,1,3.5538461519153444
859,-1.467169750099621,0.2969927759392549,-0.9884271301329418,0.9278359202543466,1.3608806208307678,1.1582612534016272,1,3.5473608683272473
423,-0.9793057232431743,-0.19799518395950305,1.5266546259305236,0.602393647278427,-0.7950355467051794,-1.7028897648819623,1,3.541152414199096
386,-0.3288203541012452,0.6269847492050935,-1.6591155984165327,-1.6757022635530097,-0.13167672592488794,-1.0296777605799412,1,3.5295970604731886
906,-1.467169750099621,-0.8579791304911802,1.6943267430014213,1.0905570567423064,0.03416297927018493,0.31674624802410084,1,3.5165625665691045
971,0.8095290418971307,1.45196468236969,-0.15006654477845338,-1.51298112706505,-0.2975164311199608,-1.3662837627309516,1,3.5164837517474252
415,1.6226357533245421,1.6169606690026093,-0.48541077892024875,-1.0248177176011706,0.6975218000504764,-0.019859754126909674,1,3.510778046652607
248,-1.6297910923851033,1.1219727091038514,-0.6530828959911464,-0.21121203516137177,-1.1267149570953252,1.1582612534016272,1,3.505835143734621
262,1.6226357533245421,0.13199678930633557,1.1913103917887282,0.7651147837663868,-0.13167672592488794,1.4948672555526377,1,3.5004411785050653
300,1.2973930687535775,0.2969927759392549,-0.9884271301329418,1.2532781932302661,-1.1267149570953252,1.1582612534016272,1,3.500177721356059
446,-0.816684380957692,-0.8579791304911802,1.6943267430014213,1.2532781932302661,-0.2975164311199608,0.9899582523261219,1,3.4985244253528625
526,-0.9793057232431743,0.6269847492050935,0.5206219235051375,1.4159993297182258,1.3608806208307678,-1.1979807616554465,1,3.497599476700612
22,0.4842863573261662,0.2969927759392549,1.6943267430014213,-0.5366543081372913,-1.292554662290398,1.3265642544771323,1,3.4943250828499592
60,-0.9793057232431743,-1.6829590636557767,-0.8207550130620441,0.602393647278427,-0.46335613631503364,1.3265642544771323,1,3.4872127508622737
775,0.4842863573261662,-1.6829590636557767,0.8559661576469328,-1.51298112706505,-0.7950355467051794,0.31674624802410084,1,3.4860762579821607
710,1.2973930687535775,1.2869686957367708,-0.15006654477845338,0.9278359202543466,-1.1267149570953252,1.1582612534016272,1,3.4825214968145857
460,0.8095290418971307,1.1219727091038514,-0.48541077892024875,1.2532781932302661,-0.46335613631503364,-1.7028897648819623,1,3.4823843296968593
469,-0.816684380957692,1.6169606690026093,-0.15006654477845338,1.4159993297182258,-0.2975164311199608,1.1582612534016272,1,3.4753748225927708
356,-1.467169750099621,1.1219727091038514,-1.491443481345635,0.7651147837663868,0.5316820948554035,-0.5247687573534254,1,3.4752607373890485
153,0.4842863573261662,-1.3529670903899382,1.6943267430014213,0.11423023781454775,-0.13167672592488794,1.3265642544771323,1,3.473136554902169
729,-1.1419270655286566,1.6169606690026093,-0.6530828959911464,-1.0248177176011706,-1.1267149570953252,-0.019859754126909674,1,3.4608941005033365
139,-0.003577669530280649,-1.0229751171240995,-1.6591155984165327,1.5787204662061856,0.5316820948554035,-0.18816275520241493,1,3.4587606768066244
324,0.3216650150406839,-1.0229751171240995,-0.6530828959911464,0.602393647278427,1.6925600312209135,1.3265642544771323,1,3.454761548891345
976,1.2973930687535775,-1.3529670903899382,0.6882940405760352,-1.0248177176011706,0.8633615052455492,-0.861374759504436,1,3.445539137097157
94,-0.3288203541012452,0.6269847492050935,1.358982508859626,1.4159993297182258,-1.458394367485471,-0.18816275520241493,1,3.442348027322832
345,0.8095290418971307,1.2869686957367708,0.01760557229244433,1.0905570567423064,-1.292554662290398,1.1582612534016272,1,3.438496608185877
101,-0.9793057232431743,0.2969927759392549,0.6882940405760352,-1.6757022635530097,1.029201210440622,-1.0296777605799412,1,3.4349171402617147
145,-1.6297910923851033,1.1219727091038514,-0.6530828959911464,0.7651147837663868,0.6975218000504764,0.9899582523261219,1,3.4252640883795147
430,-1.304548407814139,-1.1879711037570189,-0.6530828959911464,-0.21121203516137177,-0.6291958415101065,-1.534586763806457,1,3.41874458941089
786,-0.9793057232431743,-0.19799518395950305,-1.3237713642747373,-0.699375444625251,0.8633615052455492,-1.534586763806457,1,3.4133169097012312
238,1.2973930687535775,0.9569767224709321,-0.9884271301329418,-0.5366543081372913,1.5267203260258406,0.31674624802410084,1,3.410544349248501
541,1.6226357533245421,-1.0229751171240995,-0.15006654477845338,0.7651147837663868,-0.2975164311199608,-1.3662837627309516,1,3.4068918664878263
10,1.2973930687535775,-1.5179630770228574,-0.6530828959911464,0.7651147837663868,-0.9608752519002522,-0.3564657562779202,1,3.381703659920943
758,0.972150384182613,-1.6829590636557767,-0.15006654477845338,-0.5366543081372913,-0.2975164311199608,-1.3662837627309516,1,3.3808764264682933
286,-0.003577669530280649,-0.692983143858261,1.0236382747178305,-1.6757022635530097,1.195040915635695,0.4850492490996061,1,3.368608277381324
368,0.6469076996116484,0.2969927759392549,-0.48541077892024875,-1.35025999057709,1.029201210440622,-1.534586763806457,1,3.366986807742224
881,1.2973930687535775,-1.6829590636557767,-0.9884271301329418,-0.21121203516137177,0.36584238966033067,-0.5247687573534254,1,3.365995681426252
562,-0.49144169638672747,-1.6829590636557767,1.358982508859626,0.602393647278427,-0.7950355467051794,-0.019859754126909674,1,3.3579696544788953
68,1.1347717264680952,-0.692983143858261,-0.15006654477845338,-1.6757022635530097,0.6975218000504764,-0.861374759504436,1,3.345621802033541
38,1.2973930687535775,-1.3529670903899382,0.8559661576469328,-0.21121203516137177,-0.13167672592488794,-1.1979807616554465,1,3.338337335080012
492,0.3216650150406839,1.2869686957367708,-0.15006654477845338,0.7651147837663868,1.6925600312209135,0.6533522501751113,1,3.3233623384881636
752,-1.6297910923851033,0.13199678930633557,-0.6530828959911464,-0.21121203516137177,1.195040915635695,-1.0296777605799412,1,3.3117447616775597
821,-0.816684380957692,0.6269847492050935,-1.491443481345635,-1.0248177176011706,-1.1267149570953252,-0.019859754126909674,1,3.3116418674560255
784,0.8095290418971307,1.2869686957367708,0.01760557229244433,1.4159993297182258,0.6975218000504764,-0.861374759504436,1,3.300824484047321
435,-1.467169750099621,1.1219727091038514,-0.48541077892024875,1.2532781932302661,-0.13167672592488794,-0.019859754126909674,1,3.259039961543924
911,1.2973930687535775,-0.19799518395950305,-0.6530828959911464,-0.5366543081372913,-0.6291958415101065,-1.534586763806457,1,3.256512460904438
433,-0.49144169638672747,-1.5179630770228574,-0.48541077892024875,-1.35025999057709,0.6975218000504764,-0.3564657562779202,1,3.255701114892339
132,0.4842863573261662,-0.36299117059242236,-1.3237713642747373,0.43967251079046726,-0.7950355467051794,1.4948672555526377,1,3.2538219683058656
763,1.2973930687535775,-0.36299117059242236,-1.491443481345635,-0.8620965811132109,-0.46335613631503364,-0.18816275520241493,1,3.231978921951726
223,1.4600144110390598,-1.3529670903899382,-0.48541077892024875,0.2769513743025075,-0.46335613631503364,0.6533522501751113,1,3.216613222863022
666,1.2973930687535775,0.2969927759392549,-0.15006654477845338,1.4159993297182258,-0.2975164311199608,-1.0296777605799412,1,3.2148973546555695
263,-0.816684380957692,1.1219727091038514,-0.31773866184935107,1.2532781932302661,-0.7950355467051794,0.8216552512506167,1,3.2096493011913663
127,1.2973930687535775,-0.03299919732658374,0.18527768936334202,1.0905570567423064,0.6975218000504764,-1.1979807616554465,1,3.199093746371621
443,-0.49144169638672747,-0.19799518395950305,1.5266546259305236,-0.21121203516137177,-1.458394367485471,-0.18816275520241493,1,3.1968938396168856
832,1.2973930687535775,1.2869686957367708,-0.9884271301329418,-0.04849089867341202,0.2000026844652578,-0.5247687573534254,1,3.165951669281649
572,0.8095290418971307,1.45196468236969,0.6882940405760352,0.2769513743025075,1.029201210440622,0.31674624802410084,1,3.1485512798909294
107,-0.003577669530280649,0.6269847492050935,1.358982508859626,0.9278359202543466,-0.7950355467051794,0.8216552512506167,1,3.135441232894283
65,1.6226357533245421,-0.5279871572253416,-0.6530828959911464,0.9278359202543466,-0.13167672592488794,0.1484432469485956,1,3.112515437077021
48,0.6469076996116484,0.6269847492050935,0.5206219235051375,0.11423023781454775,-1.6242340726805438,0.6533522501751113,1,3.0946344233113927
986,-0.003577669530280649,-0.692983143858261,1.358982508859626,-0.5366543081372913,1.029201210440622,-0.5247687573534254,1,3.0667922363438374
934,1.2973930687535775,-0.03299919732658374,0.01760557229244433,1.0905570567423064,-0.9608752519002522,-0.18816275520241493,1,3.0475102412156048
765,0.6469076996116484,0.2969927759392549,-0.15006654477845338,-1.35025999057709,-0.9608752519002522,-0.6930717584289308,1,3.036912628576047
908,1.2973930687535775,0.9569767224709321,-0.9884271301329418,-0.04849089867341202,0.36584238966033067,-0.019859754126909674,1,3.0262568360053916
370,0.8095290418971307,0.6269847492050935,-0.15006654477845338,0.2769513743025075,-0.2975164311199608,1.4948672555526377,1,2.99062367683575
996,-0.003577669530280649,1.45196468236969,-0.6530828959911464,0.11423023781454775,-0.13167672592488794,0.8216552512506167,1,2.952343099193079
511,-0.16619901181576294,0.13199678930633557,-1.6591155984165327,-0.5366543081372913,-0.13167672592488794,0.31674624802410084,1,2.949744609274084
458,-0.003577669530280649,1.1219727091038514,-0.15006654477845338,-0.699375444625251,1.029201210440622,0.4850492490996061,1,2.9267322904118047
476,1.4600144110390598,0.7919807358380128,-0.48541077892024875,-0.04849089867341202,-0.13167672592488794,-0.019859754126909674,1,2.916683070626738
307,-0.49144169638672747,-0.19799518395950305,0.18527768936334202,-0.37393317164933154,-0.7950355467051794,1.3265642544771323,1,2.889356397298743
767,-0.49144169638672747,-0.692983143858261,-0.6530828959911464,0.43967251079046726,0.2000026844652578,-1.1979807616554465,1,2.885118644701322
537,0.6469076996116484,-1.3529670903899382,-0.6530828959911464,0.11423023781454775,0.2000026844652578,0.1484432469485956,1,2.8813344104822316
179,0.15904367275520162,-0.36299117059242236,1.358982508859626,-0.5366543081372913,-0.46335613631503364,0.4850492490996061,1,2.874845238699691
258,0.8095290418971307,0.4619887625721742,-0.6530828959911464,-1.0248177176011706,0.5316820948554035,-0.019859754126909674,1,2.8542868552882092
634,0.4842863573261662,0.4619887625721742,0.35294980643423973,1.0905570567423064,-0.13167672592488794,0.8216552512506167,1,2.829056510617993
236,-0.16619901181576294,0.9569767224709321,-0.15006654477845338,-1.0248177176011706,-0.6291958415101065,-0.18816275520241493,1,2.824242838063886
649,0.3216650150406839,-0.03299919732658374,0.01760557229244433,0.2769513743025075,-1.458394367485471,-0.18816275520241493,1,2.813236044438297
926,0.3216650150406839,-0.19799518395950305,-0.48541077892024875,-0.8620965811132109,0.5316820948554035,-0.861374759504436,1,2.7760800665738246
336,-0.3288203541012452,-0.36299117059242236,-0.31773866184935107,0.2769513743025075,-0.46335613631503364,-1.1979807616554465,1,2.7656785083514444
93,0.4842863573261662,-0.03299919732658374,0.35294980643423973,-1.0248177176011706,0.2000026844652578,-0.019859754126909674,1,2.6602600394590112
686,0.4842863573261662,0.9569767224709321,-0.8207550130620441,-0.21121203516137177,-0.46335613631503364,0.9899582523261219,0,0.0
669,0.972150384182613,0.7919807358380128,-0.9884271301329418,-1.35025999057709,0.5316820948554035,0.1484432469485956,0,0.0
688,0.15904367275520162,-1.1879711037570189,1.0236382747178305,-0.04849089867341202,-0.13167672592488794,1.4948672555526377,0,0.0
546,-1.6297910923851033,1.45196468236969,1.358982508859626,0.9278359202543466,1.029201210440622,0.9899582523261219,0,0.0
671,-0.003577669530280649,0.7919807358380128,-0.6530828959911464,1.4159993297182258,-0.46335613631503364,-0.5247687573534254,0,0.0
667,-0.16619901181576294,-1.6829590636557767,1.1913103917887282,-1.51298112706505,-0.7950355467051794,-0.861374759504436,0,0.0
664,-1.6297910923851033,1.6169606690026093,-0.15006654477845338,-1.51298112706505,-0.7950355467051794,-0.019859754126909674,0,0.0
665,1.2973930687535775,0.13199678930633557,0.8559661576469328,-0.21121203516137177,-1.458394367485471,1.3265642544771323,0,0.0
689,1.4600144110390598,1.45196468236969,-0.9884271301329418,-0.5366543081372913,-1.1267149570953252,-0.3564657562779202,0,0.0
687,0.3216650150406839,0.2969927759392549,-0.8207550130620441,-1.1875388540891303,-0.2975164311199608,0.31674624802410084,0,0.0
668,-1.6297910923851033,-0.03299919732658374,0.01760557229244433,1.2532781932302661,-0.9608752519002522,0.9899582523261219,0,0.0
683,-1.304548407814139,-1.5179630770228574,0.18527768936334202,-1.51298112706505,1.6925600312209135,0.8216552512506167,0,0.0
672,0.3216650150406839,-1.6829590636557767,-1.3237713642747373,0.43967251079046726,0.5316820948554035,1.663170256628143,0,0.0
685,0.972150384182613,-1.1879711037570189,0.18527768936334202,-1.35025999057709,1.195040915635695,-0.019859754126909674,0,0.0
542,-1.467169750099621,-0.5279871572253416,0.18527768936334202,0.7651147837663868,0.8633615052455492,-0.861374759504436,0,0.0
676,-0.816684380957692,-0.03299919732658374,0.01760557229244433,-1.0248177176011706,-0.13167672592488794,-0.6930717584289308,0,0.0
543,1.6226357533245421,-0.19799518395950305,1.0236382747178305,-0.5366543081372913,0.36584238966033067,0.6533522501751113,0,0.0
677,-1.6297910923851033,-1.6829590636557767,-0.31773866184935107,-0.699375444625251,-0.13167672592488794,-1.3662837627309516,0,0.0
678,0.8095290418971307,0.13199678930633557,1.358982508859626,0.11423023781454775,-1.292554662290398,-1.534586763806457,0,0.0
675,1.1347717264680952,0.13199678930633557,1.0236382747178305,0.43967251079046726,0.36584238966033067,-0.18816275520241493,0,0.0
544,1.4600144110390598,0.6269847492050935,-0.9884271301329418,0.7651147837663868,1.6925600312209135,1.4948672555526377,0,0.0
679,-1.467169750099621,-0.03299919732658374,1.358982508859626,-0.699375444625251,0.2000026844652578,-1.1979807616554465,0,0.0
680,-1.304548407814139,0.9569767224709321,-1.6591155984165327,-1.0248177176011706,0.2000026844652578,1.3265642544771323,0,0.0
674,0.8095290418971307,1.2869686957367708,1.6943267430014213,-1.0248177176011706,-0.46335613631503364,0.8216552512506167,0,0.0
681,-1.467169750099621,0.4619887625721742,1.0236382747178305,0.9278359202543466,-1.6242340726805438,1.3265642544771323,0,0.0
682,-0.003577669530280649,0.4619887625721742,1.358982508859626,0.2769513743025075,1.6925600312209135,-1.1979807616554465,0,0.0
684,-0.6540630386722097,-1.3529670903899382,1.1913103917887282,1.4159993297182258,-0.7950355467051794,0.31674624802410084,0,0.0
545,0.8095290418971307,-1.1879711037570189,-1.3237713642747373,-0.5366543081372913,0.6975218000504764,-0.019859754126909674,0,0.0
673,-1.467169750099621,-0.03299919732658374,0.18527768936334202,-1.0248177176011706,-0.7950355467051794,1.3265642544771323,0,0.0
690,-1.467169750099621,-0.8579791304911802,0.6882940405760352,-0.5366543081372913,-1.292554662290398,1.663170256628143,0,0.0
566,-0.3288203541012452,0.2969927759392549,-0.15006654477845338,1.5787204662061856,-1.292554662290398,-1.0296777605799412,0,0.0
691,-0.49144169638672747,-1.6829590636557767,1.358982508859626,0.602393647278427,1.195040915635695,-0.6930717584289308,0,0.0
724,-1.6297910923851033,0.13199678930633557,-1.491443481345635,-1.35025999057709,-1.292554662290398,-0.5247687573534254,0,0.0
716,0.15904367275520162,-0.8579791304911802,0.01760557229244433,1.5787204662061856,-0.7950355467051794,1.1582612534016272,0,0.0
717,-0.16619901181576294,-0.8579791304911802,0.8559661576469328,-0.04849089867341202,-1.6242340726805438,-1.3662837627309516,0,0.0
536,-0.003577669530280649,-1.1879711037570189,-0.9884271301329418,-0.04849089867341202,-1.1267149570953252,-0.5247687573534254,0,0.0
718,0.972150384182613,-0.36299117059242236,-0.6530828959911464,0.7651147837663868,0.2000026844652578,1.4948672555526377,0,0.0
719,1.2973930687535775,-1.5179630770228574,1.5266546259305236,1.2532781932302661,0.2000026844652578,-0.6930717584289308,0,0.0
720,-0.6540630386722097,0.2969927759392549,-1.491443481345635,-0.21121203516137177,-0.13167672592488794,-1.1979807616554465,0,0.0
721,-1.6297910923851033,-1.6829590636557767,-1.491443481345635,1.2532781932302661,0.8633615052455492,0.8216552512506167,0,0.0
722,1.4600144110390598,-0.5279871572253416,1.0236382747178305,-1.0248177176011706,0.2000026844652578,0.8216552512506167,0,0.0
723,0.8095290418971307,-1.0229751171240995,-1.3237713642747373,-1.35025999057709,1.3608806208307678,-1.3662837627309516,0,0.0
725,0.15904367275520162,0.6269847492050935,0.35294980643423973,1.2532781932302661,0.03416297927018493,-0.3564657562779202,0,0.0
692,-1.304548407814139,-1.1879711037570189,-1.491443481345635,-1.1875388540891303,-0.7950355467051794,0.9899582523261219,0,0.0
726,-1.6297910923851033,0.4619887625721742,0.8559661576469328,-1.51298112706505,-1.458394367485471,-0.3564657562779202,0,0.0
727,-0.9793057232431743,-1.5179630770228574,1.6943267430014213,-0.699375444625251,-0.46335613631503364,-1.0296777605799412,0,0.0
728,0.6469076996116484,-1.6829590636557767,0.01760557229244433,-0.37393317164933154,0.2000026844652578,1.3265642544771323,0,0.0
730,-0.816684380957692,-0.5279871572253416,0.18527768936334202,-0.5366543081372913,0.6975218000504764,-1.7028897648819623,0,0.0
731,-1.467169750099621,-0.692983143858261,-0.6530828959911464,-0.37393317164933154,0.6975218000504764,-1.0296777605799412,0,0.0
732,-0.003577669530280649,-0.03299919732658374,0.01760557229244433,-0.5366543081372913,-0.13167672592488794,0.9899582523261219,0,0.0
733,-1.6297910923851033,-0.692983143858261,-0.48541077892024875,-1.0248177176011706,-0.46335613631503364,-1.1979807616554465,0,0.0
734,0.3216650150406839,0.6269847492050935,-1.491443481345635,0.9278359202543466,1.6925600312209135,-1.7028897648819623,0,0.0
735,0.4842863573261662,-0.692983143858261,1.1913103917887282,1.4159993297182258,1.029201210440622,0.9899582523261219,0,0.0
715,0.6469076996116484,-1.5179630770228574,0.35294980643423973,1.2532781932302661,-0.6291958415101065,1.663170256628143,0,0.0
714,0.3216650150406839,1.45196468236969,-1.491443481345635,0.11423023781454775,-0.7950355467051794,0.31674624802410084,0,0.0
713,-0.6540630386722097,0.7919807358380128,-1.491443481345635,1.2532781932302661,-1.458394367485471,-1.534586763806457,0,0.0
712,1.6226357533245421,-0.8579791304911802,-1.491443481345635,-0.04849089867341202,1.3608806208307678,0.1484432469485956,0,0.0
693,-0.16619901181576294,0.6269847492050935,0.6882940405760352,0.2769513743025075,1.195040915635695,0.9899582523261219,0,0.0
694,0.972150384182613,0.2969927759392549,-0.15006654477845338,-0.37393317164933154,0.36584238966033067,-1.534586763806457,0,0.0
695,0.6469076996116484,-1.5179630770228574,-1.3237713642747373,1.0905570567423064,0.8633615052455492,1.4948672555526377,0,0.0
696,-1.304548407814139,0.13199678930633557,0.01760557229244433,1.2532781932302661,1.6925600312209135,-1.534586763806457,0,0.0
697,-0.003577669530280649,-1.3529670903899382,-0.6530828959911464,1.2532781932302661,-0.46335613631503364,0.1484432469485956,0,0.0
698,0.15904367275520162,0.2969927759392549,-0.15006654477845338,1.4159993297182258,-0.9608752519002522,-1.7028897648819623,0,0.0
699,-0.816684380957692,-0.8579791304911802,-0.31773866184935107,0.7651147837663868,-0.6291958415101065,-0.6930717584289308,0,0.0
700,-0.6540630386722097,0.9569767224709321,-0.48541077892024875,1.5787204662061856,1.029201210440622,-0.18816275520241493,0,0.0
701,1.4600144110390598,-1.1879711037570189,0.6882940405760352,1.0905570567423064,0.5316820948554035,-1.1979807616554465,0,0.0
663,0.6469076996116484,0.7919807358380128,-0.8207550130620441,0.2769513743025075,-1.6242340726805438,0.6533522501751113,0,0.0
702,0.6469076996116484,-0.692983143858261,-0.8207550130620441,0.43967251079046726,0.8633615052455492,-1.3662837627309516,0,0.0
703,-1.304548407814139,0.13199678930633557,-1.1560992472038396,0.9278359202543466,1.5267203260258406,1.663170256628143,0,0.0
704,-1.304548407814139,1.2869686957367708,0.35294980643423973,0.11423023781454775,-1.458394367485471,-1.1979807616554465,0,0.0
705,-0.816684380957692,-0.36299117059242236,-0.15006654477845338,-1.1875388540891303,-0.7950355467051794,-0.3564657562779202,0,0.0
539,-0.9793057232431743,-1.1879711037570189,1.358982508859626,1.0905570567423064,1.029201210440622,0.9899582523261219,0,0.0
707,-0.9793057232431743,1.45196468236969,1.6943267430014213,-1.1875388540891303,-0.9608752519002522,0.4850492490996061,0,0.0
708,0.3216650150406839,1.2869686957367708,-0.15006654477845338,0.7651147837663868,-1.6242340726805438,-0.18816275520241493,0,0.0
709,-0.49144169638672747,-1.6829590636557767,0.6882940405760352,1.0905570567423064,-1.6242340726805438,1.663170256628143,0,0.0
711,-0.49144169638672747,-1.5179630770228574,1.358982508859626,0.2769513743025075,-1.6242340726805438,0.1484432469485956,0,0.0
540,-0.003577669530280649,-0.36299117059242236,-0.6530828959911464,1.5787204662061856,0.5316820948554035,0.8216552512506167,0,0.0
652,-0.49144169638672747,1.1219727091038514,1.358982508859626,-0.37393317164933154,-1.6242340726805438,-0.18816275520241493,0,0.0
547,-0.49144169638672747,1.6169606690026093,-1.491443481345635,0.9278359202543466,0.36584238966033067,0.6533522501751113,0,0.0
603,-0.3288203541012452,0.7919807358380128,-0.8207550130620441,-0.699375444625251,-0.46335613631503364,-0.861374759504436,0,0.0
593,-0.49144169638672747,-0.19799518395950305,1.0236382747178305,0.43967251079046726,-0.13167672592488794,-0.5247687573534254,0,0.0
594,0.4842863573261662,1.45196468236969,-1.1560992472038396,-1.6757022635530097,-0.2975164311199608,0.4850492490996061,0,0.0
595,0.15904367275520162,-1.1879711037570189,0.35294980643423973,-0.699375444625251,-1.1267149570953252,-0.18816275520241493,0,0.0
596,0.3216650150406839,0.9569767224709321,1.5266546259305236,-1.35025999057709,-0.2975164311199608,0.4850492490996061,0,0.0
597,0.6469076996116484,0.13199678930633557,-1.491443481345635,1.4159993297182258,-1.1267149570953252,-0.019859754126909674,0,0.0
598,-1.1419270655286566,0.2969927759392549,1.358982508859626,-1.6757022635530097,-0.9608752519002522,-1.1979807616554465,0,0.0
599,-1.467169750099621,-1.6829590636557767,0.35294980643423973,0.7651147837663868,0.5316820948554035,-1.3662837627309516,0,0.0
561,-0.3288203541012452,-0.8579791304911802,0.5206219235051375,0.9278359202543466,-0.9608752519002522,-0.019859754126909674,0,0.0
600,-0.49144169638672747,0.6269847492050935,0.6882940405760352,-1.0248177176011706,-1.6242340726805438,-0.861374759504436,0,0.0
601,-0.49144169638672747,0.7919807358380128,0.35294980643423973,0.602393647278427,1.6925600312209135,0.9899582523261219,0,0.0
602,-0.816684380957692,0.4619887625721742,1.5266546259305236,0.43967251079046726,1.5267203260258406,-0.3564657562779202,0,0.0
604,0.8095290418971307,1.2869686957367708,0.5206219235051375,-0.04849089867341202,-0.13167672592488794,-0.5247687573534254,0,0.0
662,0.972150384182613,0.2969927759392549,-1.491443481345635,0.2769513743025075,-0.13167672592488794,-0.5247687573534254,0,0.0
605,-0.003577669530280649,-0.8579791304911802,-0.9884271301329418,1.2532781932302661,-1.1267149570953252,1.4948672555526377,0,0.0
606,-0.6540630386722097,0.2969927759392549,1.0236382747178305,-0.5366543081372913,0.6975218000504764,0.8216552512506167,0,0.0
607,0.3216650150406839,-0.692983143858261,-1.6591155984165327,0.43967251079046726,-1.458394367485471,-0.5247687573534254,0,0.0
560,-0.16619901181576294,-1.0229751171240995,-1.1560992472038396,0.9278359202543466,0.5316820948554035,0.6533522501751113,0,0.0
608,-1.6297910923851033,-0.692983143858261,-0.15006654477845338,1.5787204662061856,1.029201210440622,-1.1979807616554465,0,0.0
609,1.6226357533245421,1.1219727091038514,1.1913103917887282,-0.04849089867341202,-1.6242340726805438,-1.7028897648819623,0,0.0
611,-1.304548407814139,0.4619887625721742,-0.8207550130620441,-0.699375444625251,1.5267203260258406,-1.3662837627309516,0,0.0
612,-0.9793057232431743,1.6169606690026093,-0.8207550130620441,1.4159993297182258,1.6925600312209135,1.4948672555526377,0,0.0
559,-1.1419270655286566,0.13199678930633557,-0.6530828959911464,1.0905570567423064,0.5316820948554035,1.663170256628143,0,0.0
613,1.1347717264680952,-0.692983143858261,-1.3237713642747373,-0.37393317164933154,-0.7950355467051794,0.4850492490996061,0,0.0
558,0.8095290418971307,1.1219727091038514,0.8559661576469328,0.2769513743025075,1.5267203260258406,1.3265642544771323,0,0.0
563,0.15904367275520162,-0.36299117059242236,0.01760557229244433,1.2532781932302661,-0.9608752519002522,-0.861374759504436,0,0.0
592,-0.6540630386722097,-0.03299919732658374,-0.6530828959911464,-1.6757022635530097,0.36584238966033067,-0.861374759504436,0,0.0
564,-0.6540630386722097,1.1219727091038514,0.5206219235051375,0.7651147837663868,1.3608806208307678,-0.6930717584289308,0,0.0
591,-0.9793057232431743,-0.19799518395950305,-0.31773866184935107,-1.51298112706505,1.3608806208307678,-0.019859754126909674,0,0.0
568,-0.49144169638672747,1.2869686957367708,-1.6591155984165327,-0.8620965811132109,0.36584238966033067,0.31674624802410084,0,0.0
569,-0.6540630386722097,-1.6829590636557767,-1.3237713642747373,-1.35025999057709,0.6975218000504764,-0.18816275520241493,0,0.0
570,0.4842863573261662,-1.1879711037570189,-0.8207550130620441,0.43967251079046726,0.03416297927018493,1.4948672555526377,0,0.0
571,-1.467169750099621,-0.19799518395950305,1.1913103917887282,0.2769513743025075,1.3608806208307678,0.1484432469485956,0,0.0
573,1.4600144110390598,-0.36299117059242236,-0.8207550130620441,-1.1875388540891303,-1.6242340726805438,-0.18816275520241493,0,0.0
574,-0.816684380957692,-0.19799518395950305,1.1913103917887282,-1.35025999057709,0.36584238966033067,0.4850492490996061,0,0.0
575,1.4600144110390598,-0.36299117059242236,-0.8207550130620441,1.4159993297182258,-0.9608752519002522,-1.3662837627309516,0,0.0
576,1.4600144110390598,-1.1879711037570189,-0.31773866184935107,-0.5366543081372913,-1.292554662290398,-0.019859754126909674,0,0.0
577,1.6226357533245421,1.2869686957367708,-0.31773866184935107,1.0905570567423064,-1.1267149570953252,0.4850492490996061,0,0.0
578,-1.304548407814139,0.13199678930633557,1.358982508859626,-1.0248177176011706,1.5267203260258406,-1.0296777605799412,0,0.0
579,-1.304548407814139,-0.5279871572253416,-0.15006654477845338,1.2532781932302661,-1.458394367485471,0.9899582523261219,0,0.0
565,1.6226357533245421,0.9569767224709321,-0.9884271301329418,1.2532781932302661,-0.46335613631503364,-1.3662837627309516,0,0.0
580,1.1347717264680952,-0.692983143858261,1.6943267430014213,1.2532781932302661,0.5316820948554035,0.8216552512506167,0,0.0
581,0.15904367275520162,0.7919807358380128,-1.491443481345635,-0.5366543081372913,1.5267203260258406,0.1484432469485956,0,0.0
582,0.972150384182613,-0.5279871572253416,1.358982508859626,-1.0248177176011706,-1.1267149570953252,-1.3662837627309516,0,0.0
583,-0.3288203541012452,-0.19799518395950305,-0.6530828959911464,1.5787204662061856,0.36584238966033067,-1.7028897648819623,0,0.0
584,1.1347717264680952,1.6169606690026093,-0.8207550130620441,-0.04849089867341202,-1.6242340726805438,0.6533522501751113,0,0.0
585,-0.003577669530280649,-1.6829590636557767,0.35294980643423973,1.0905570567423064,0.8633615052455492,-0.861374759504436,0,0.0
586,-1.6297910923851033,0.4619887625721742,0.01760557229244433,-0.21121203516137177,1.3608806208307678,0.31674624802410084,0,0.0
587,0.3216650150406839,1.45196468236969,1.358982508859626,-1.6757022635530097,-0.9608752519002522,0.8216552512506167,0,0.0
588,-1.1419270655286566,1.6169606690026093,-0.48541077892024875,-0.37393317164933154,-0.6291958415101065,-1.3662837627309516,0,0.0
589,0.6469076996116484,-1.5179630770228574,0.5206219235051375,1.4159993297182258,0.03416297927018493,0.1484432469485956,0,0.0
590,-0.49144169638672747,-1.5179630770228574,1.6943267430014213,-1.35025999057709,1.6925600312209135,0.8216552512506167,0,0.0
614,-1.467169750099621,0.6269847492050935,0.35294980643423973,-1.35025999057709,1.5267203260258406,0.4850492490996061,0,0.0
615,-1.467169750099621,0.6269847492050935,-1.3237713642747373,1.4159993297182258,0.2000026844652578,-0.5247687573534254,0,0.0
616,-0.16619901181576294,1.1219727091038514,1.0236382747178305,-0.37393317164933154,0.03416297927018493,-1.3662837627309516,0,0.0
553,-0.3288203541012452,-1.5179630770228574,1.1913103917887282,-0.37393317164933154,-1.6242340726805438,-0.861374759504436,0,0.0
642,1.6226357533245421,0.2969927759392549,-0.48541077892024875,-1.6757022635530097,-1.1267149570953252,0.8216552512506167,0,0.0
643,-0.003577669530280649,1.6169606690026093,-1.1560992472038396,0.11423023781454775,-0.13167672592488794,-1.7028897648819623,0,0.0
644,1.1347717264680952,-0.5279871572253416,1.5266546259305236,1.4159993297182258,-0.13167672592488794,-0.3564657562779202,0,0.0
645,-0.49144169638672747,0.6269847492050935,-0.15006654477845338,-0.8620965811132109,0.5316820948554035,1.3265642544771323,0,0.0
646,0.6469076996116484,1.6169606690026093,0.8559661576469328,1.2532781932302661,-1.6242340726805438,-0.5247687573534254,0,0.0
647,1.4600144110390598,-1.0229751171240995,1.0236382747178305,0.43967251079046726,-1.458394367485471,0.8216552512506167,0,0.0
648,1.6226357533245421,-1.1879711037570189,0.01760557229244433,0.7651147837663868,-0.6291958415101065,-1.1979807616554465,0,0.0
650,1.2973930687535775,1.6169606690026093,-0.48541077892024875,0.7651147837663868,-0.2975164311199608,0.6533522501751113,0,0.0
651,0.4842863573261662,-0.03299919732658374,-1.1560992472038396,1.5787204662061856,-1.458394367485471,0.6533522501751113,0,0.0
567,-0.816684380957692,0.2969927759392549,-0.6530828959911464,-1.6757022635530097,-0.7950355467051794,-1.3662837627309516,0,0.0
653,-1.6297910923851033,-0.36299117059242236,0.01760557229244433,1.2532781932302661,-0.6291958415101065,0.4850492490996061,0,0.0
654,0.972150384182613,-1.6829590636557767,1.0236382747178305,0.2769513743025075,0.6975218000504764,-0.5247687573534254,0,0.0
655,-0.49144169638672747,0.13199678930633557,0.5206219235051375,1.5787204662061856,-1.292554662290398,1.3265642544771323,0,0.0
656,-1.467169750099621,1.2869686957367708,0.35294980643423973,-0.699375444625251,0.03416297927018493,-1.534586763806457,0,0.0
552,0.3216650150406839,1.6169606690026093,0.18527768936334202,-0.699375444625251,-0.9608752519002522,-0.861374759504436,0,0.0
658,-0.9793057232431743,-0.8579791304911802,-0.8207550130620441,0.11423023781454775,-0.13167672592488794,-0.3564657562779202,0,0.0
659,-0.003577669530280649,1.1219727091038514,-0.31773866184935107,1.4159993297182258,0.6975218000504764,-1.1979807616554465,0,0.0
660,0.8095290418971307,-1.1879711037570189,-0.9884271301329418,-1.1875388540891303,-0.7950355467051794,1.1582612534016272,0,0.0
661,0.972150384182613,-0.03299919732658374,-0.15006654477845338,-1.35025999057709,-0.7950355467051794,-1.3662837627309516,0,0.0
551,-1.467169750099621,0.7919807358380128,-0.8207550130620441,1.2532781932302661,-1.458394367485471,-1.3662837627309516,0,0.0
550,-0.16619901181576294,-0.03299919732658374,0.5206219235051375,0.2769513743025075,0.2000026844652578,-0.18816275520241493,0,0.0
549,-0.49144169638672747,-0.692983143858261,-1.6591155984165327,0.7651147837663868,0.8633615052455492,1.1582612534016272,0,0.0
548,1.2973930687535775,0.13199678930633557,-1.6591155984165327,1.2532781932302661,1.029201210440622,0.4850492490996061,0,0.0
641,1.6226357533245421,-1.5179630770228574,-0.6530828959911464,0.602393647278427,-1.458394367485471,1.4948672555526377,0,0.0
640,-0.3288203541012452,-1.6829590636557767,1.1913103917887282,0.602393647278427,-1.6242340726805438,-0.3564657562779202,0,0.0
617,0.972150384182613,1.45196468236969,0.8559661576469328,0.602393647278427,0.2000026844652578,-0.019859754126909674,0,0.0
639,-1.304548407814139,0.7919807358380128,-1.1560992472038396,0.602393647278427,1.195040915635695,-0.3564657562779202,0,0.0
618,-0.9793057232431743,-0.692983143858261,1.0236382747178305,-1.35025999057709,-1.1267149570953252,1.4948672555526377,0,0.0
557,0.4842863573261662,-0.19799518395950305,-1.1560992472038396,-0.699375444625251,0.03416297927018493,-0.019859754126909674,0,0.0
619,-0.003577669530280649,1.2869686957367708,-0.9884271301329418,-0.04849089867341202,-1.458394367485471,-0.3564657562779202,0,0.0
620,-0.9793057232431743,-0.8579791304911802,-0.31773866184935107,0.7651147837663868,1.6925600312209135,0.31674624802410084,0,0.0
621,0.15904367275520162,0.7919807358380128,-0.31773866184935107,1.5787204662061856,-1.1267149570953252,0.31674624802410084,0,0.0
622,-0.6540630386722097,-1.3529670903899382,-1.3237713642747373,0.43967251079046726,0.03416297927018493,1.663170256628143,0,0.0
623,0.4842863573261662,-0.692983143858261,0.8559661576469328,-0.5366543081372913,0.8633615052455492,0.4850492490996061,0,0.0
624,1.6226357533245421,0.2969927759392549,-0.31773866184935107,-0.04849089867341202,1.5267203260258406,-0.3564657562779202,0,0.0
625,-1.304548407814139,1.1219727091038514,-1.3237713642747373,-1.1875388540891303,0.5316820948554035,1.3265642544771323,0,0.0
626,0.15904367275520162,-0.03299919732658374,1.358982508859626,0.9278359202543466,1.029201210440622,-0.3564657562779202,0,0.0
556,0.8095290418971307,0.7919807358380128,-0.9884271301329418,0.43967251079046726,1.3608806208307678,-1.534586763806457,0,0.0
627,0.4842863573261662,0.2969927759392549,-0.6530828959911464,1.2532781932302661,0.2000026844652578,0.8216552512506167,0,0.0
628,1.4600144110390598,-0.19799518395950305,1.1913103917887282,-0.5366543081372913,1.3608806208307678,-1.0296777605799412,0,0.0
629,-0.16619901181576294,-1.1879711037570189,0.01760557229244433,0.602393647278427,1.029201210440622,-1.7028897648819623,0,0.0
630,0.3216650150406839,-1.5179630770228574,0.18527768936334202,-1.6757022635530097,0.36584238966033067,-1.3662837627309516,0,0.0
631,1.2973930687535775,0.2969927759392549,0.18527768936334202,0.7651147837663868,-1.292554662290398,-0.019859754126909674,0,0.0
632,-0.6540630386722097,0.9569767224709321,-1.6591155984165327,-0.8620965811132109,-0.9608752519002522,0.31674624802410084,0,0.0
736,0.3216650150406839,0.9569767224709321,1.0236382747178305,0.9278359202543466,-0.7950355467051794,1.4948672555526377,0,0.0
555,-0.16619901181576294,-0.19799518395950305,-0.31773866184935107,0.602393647278427,-0.7950355467051794,1.4948672555526377,0,0.0
635,1.4600144110390598,-0.692983143858261,1.0236382747178305,1.2532781932302661,1.5267203260258406,-1.0296777605799412,0,0.0
554,-0.9793057232431743,-0.03299919732658374,1.358982508859626,-1.1875388540891303,-1.1267149570953252,0.9899582523261219,0,0.0
637,0.4842863573261662,-1.5179630770228574,1.6943267430014213,1.4159993297182258,-0.13167672592488794,0.6533522501751113,0,0.0
638,1.4600144110390598,0.9569767224709321,1.0236382747178305,0.11423023781454775,-1.6242340726805438,-0.019859754126909674,0,0.0
633,1.6226357533245421,0.6269847492050935,-0.9884271301329418,-1.0248177176011706,-0.6291958415101065,0.9899582523261219,0,0.0
0,-1.304548407814139,-0.5279871572253416,-0.8207550130620441,0.602393647278427,-0.46335613631503364,-0.18816275520241493,0,0.0
737,1.2973930687535775,1.1219727091038514,-1.1560992472038396,-1.0248177176011706,0.03416297927018493,-1.534586763806457,0,0.0
905,0.3216650150406839,1.45196468236969,1.0236382747178305,1.5787204662061856,-1.1267149570953252,-0.18816275520241493,0,0.0
909,-1.1419270655286566,0.4619887625721742,0.8559661576469328,0.602393647278427,1.3608806208307678,1.663170256628143,0,0.0
910,-0.816684380957692,1.6169606690026093,1.5266546259305236,-1.0248177176011706,-1.6242340726805438,0.8216552512506167,0,0.0
912,-0.6540630386722097,-1.3529670903899382,1.6943267430014213,-0.5366543081372913,0.03416297927018493,0.9899582523261219,0,0.0
913,-1.1419270655286566,-1.1879711037570189,1.5266546259305236,-0.5366543081372913,0.5316820948554035,0.31674624802410084,0,0.0
914,0.15904367275520162,-1.1879711037570189,1.6943267430014213,-0.699375444625251,0.5316820948554035,-0.019859754126909674,0,0.0
915,-1.304548407814139,-0.03299919732658374,-0.6530828959911464,0.2769513743025075,1.3608806208307678,-0.18816275520241493,0,0.0
916,0.15904367275520162,0.2969927759392549,1.0236382747178305,-0.5366543081372913,1.6925600312209135,0.1484432469485956,0,0.0
917,-1.304548407814139,-0.36299117059242236,-0.48541077892024875,0.43967251079046726,0.36584238966033067,0.6533522501751113,0,0.0
918,1.6226357533245421,-0.8579791304911802,0.8559661576469328,0.9278359202543466,1.6925600312209135,1.3265642544771323,0,0.0
919,0.3216650150406839,0.4619887625721742,0.6882940405760352,-1.0248177176011706,-0.13167672592488794,-0.5247687573534254,0,0.0
920,-0.6540630386722097,-0.19799518395950305,1.6943267430014213,1.5787204662061856,-0.13167672592488794,-0.019859754126909674,0,0.0
921,1.2973930687535775,0.13199678930633557,1.1913103917887282,1.4159993297182258,-0.7950355467051794,-0.019859754126909674,0,0.0
922,-1.1419270655286566,1.45196468236969,-1.491443481345635,-1.51298112706505,-0.13167672592488794,-0.5247687573534254,0,0.0
923,1.4600144110390598,1.6169606690026093,-0.6530828959911464,0.602393647278427,1.029201210440622,0.6533522501751113,0,0.0
924,-0.816684380957692,-1.3529670903899382,-0.8207550130620441,0.9278359202543466,0.2000026844652578,-1.534586763806457,0,0.0
925,-1.6297910923851033,1.1219727091038514,1.1913103917887282,-0.37393317164933154,-1.292554662290398,-1.1979807616554465,0,0.0
927,-0.9793057232431743,-0.692983143858261,-1.491443481345635,1.4159993297182258,-0.2975164311199608,1.4948672555526377,0,0.0
928,-0.3288203541012452,-1.5179630770228574,0.6882940405760352,-0.8620965811132109,-0.9608752519002522,-1.3662837627309516,0,0.0
929,1.6226357533245421,0.4619887625721742,1.5266546259305236,-0.8620965811132109,1.3608806208307678,0.9899582523261219,0,0.0
930,1.2973930687535775,0.4619887625721742,1.6943267430014213,-0.5366543081372913,1.195040915635695,1.4948672555526377,0,0.0
931,-0.16619901181576294,1.1219727091038514,0.18527768936334202,-1.0248177176011706,-1.1267149570953252,0.8216552512506167,0,0.0
932,-0.816684380957692,0.13199678930633557,-1.6591155984165327,0.9278359202543466,0.2000026844652578,1.3265642544771323,0,0.0
933,0.4842863573261662,1.2869686957367708,1.0236382747178305,0.7651147837663868,-1.292554662290398,0.4850492490996061,0,0.0
935,0.4842863573261662,0.7919807358380128,-0.48541077892024875,0.7651147837663868,0.8633615052455492,0.6533522501751113,0,0.0
936,1.2973930687535775,0.6269847492050935,1.1913103917887282,-1.51298112706505,-0.2975164311199608,0.8216552512506167,0,0.0
907,1.2973930687535775,0.4619887625721742,1.1913103917887282,0.11423023781454775,-1.1267149570953252,0.4850492490996061,0,0.0
904,0.972150384182613,0.4619887625721742,-1.491443481345635,-0.5366543081372913,-1.1267149570953252,0.6533522501751113,0,0.0
938,0.972150384182613,-0.8579791304911802,-0.8207550130620441,-1.0248177176011706,-0.2975164311199608,0.1484432469485956,0,0.0
903,-1.304548407814139,1.6169606690026093,-0.8207550130620441,0.9278359202543466,0.36584238966033067,0.1484432469485956,0,0.0
875,-1.467169750099621,-0.36299117059242236,-0.6530828959911464,-1.0248177176011706,-1.458394367485471,-1.1979807616554465,0,0.0
876,0.3216650150406839,1.45196468236969,-0.15006654477845338,1.5787204662061856,-0.46335613631503364,-1.1979807616554465,0,0.0
877,0.4842863573261662,1.2869686957367708,0.8559661576469328,-1.6757022635530097,-0.2975164311199608,-1.0296777605799412,0,0.0
878,-0.6540630386722097,1.2869686957367708,1.5266546259305236,1.2532781932302661,-0.6291958415101065,1.663170256628143,0,0.0
879,-0.16619901181576294,0.13199678930633557,-0.31773866184935107,0.9278359202543466,-0.7950355467051794,1.4948672555526377,0,0.0
880,-1.304548407814139,0.13199678930633557,0.35294980643423973,-0.8620965811132109,-1.1267149570953252,0.4850492490996061,0,0.0
882,1.4600144110390598,-1.3529670903899382,0.18527768936334202,-1.6757022635530097,-0.46335613631503364,1.3265642544771323,0,0.0
883,-1.304548407814139,-0.03299919732658374,0.35294980643423973,0.9278359202543466,-0.46335613631503364,0.6533522501751113,0,0.0
884,0.8095290418971307,0.13199678930633557,0.5206219235051375,1.2532781932302661,0.5316820948554035,-0.5247687573534254,0,0.0
885,-1.1419270655286566,1.2869686957367708,-0.8207550130620441,-0.04849089867341202,0.03416297927018493,0.4850492490996061,0,0.0
886,1.1347717264680952,-1.1879711037570189,-0.8207550130620441,1.4159993297182258,-1.458394367485471,-1.0296777605799412,0,0.0
887,1.6226357533245421,-1.6829590636557767,-1.3237713642747373,-0.04849089867341202,-1.458394367485471,0.31674624802410084,0,0.0
888,-1.304548407814139,1.1219727091038514,0.5206219235051375,-0.5366543081372913,-1.458394367485471,-1.1979807616554465,0,0.0
889,0.4842863573261662,1.45196468236969,1.5266546259305236,1.5787204662061856,-0.6291958415101065,-0.5247687573534254,0,0.0
891,1.6226357533245421,1.2869686957367708,0.5206219235051375,1.4159993297182258,-0.6291958415101065,-1.7028897648819623,0,0.0
892,-0.16619901181576294,-0.5279871572253416,1.1913103917887282,0.7651147837663868,-0.7950355467051794,0.6533522501751113,0,0.0
893,1.6226357533245421,-0.5279871572253416,-1.491443481345635,1.4159993297182258,-0.46335613631503364,-1.3662837627309516,0,0.0
894,-0.16619901181576294,0.6269847492050935,-0.6530828959911464,1.0905570567423064,0.2000026844652578,0.4850492490996061,0,0.0
895,-0.816684380957692,1.6169606690026093,0.35294980643423973,-1.35025999057709,1.195040915635695,-0.5247687573534254,0,0.0
896,-1.1419270655286566,0.7919807358380128,-0.48541077892024875,-0.8620965811132109,1.195040915635695,-1.7028897648819623,0,0.0
897,-1.6297910923851033,-0.8579791304911802,-0.6530828959911464,-0.8620965811132109,1.029201210440622,-0.5247687573534254,0,0.0
899,-1.467169750099621,1.45196468236969,0.6882940405760352,-0.04849089867341202,-0.6291958415101065,0.9899582523261219,0,0.0
900,0.4842863573261662,0.7919807358380128,1.6943267430014213,-1.1875388540891303,1.5267203260258406,1.1582612534016272,0,0.0
901,-0.6540630386722097,-1.6829590636557767,-0.15006654477845338,-1.0248177176011706,-0.9608752519002522,-1.534586763806457,0,0.0
902,-1.6297910923851033,-1.0229751171240995,0.8559661576469328,0.9278359202543466,0.6975218000504764,-0.5247687573534254,0,0.0
937,0.3216650150406839,1.1219727091038514,0.8559661576469328,0.43967251079046726,-1.6242340726805438,0.31674624802410084,0,0.0
939,1.1347717264680952,0.4619887625721742,-0.31773866184935107,-1.35025999057709,1.6925600312209135,-0.019859754126909674,0,0.0
873,-1.467169750099621,0.4619887625721742,0.18527768936334202,0.11423023781454775,0.5316820948554035,-1.3662837627309516,0,0.0
968,0.8095290418971307,0.13199678930633557,-0.9884271301329418,-1.35025999057709,-1.458394367485471,1.3265642544771323,0,0.0
970,0.8095290418971307,-0.03299919732658374,0.6882940405760352,1.2532781932302661,-0.46335613631503364,-0.6930717584289308,0,0.0
972,-0.9793057232431743,1.45196468236969,0.35294980643423973,-0.37393317164933154,0.36584238966033067,0.6533522501751113,0,0.0
973,1.2973930687535775,-1.1879711037570189,-0.31773866184935107,-0.37393317164933154,0.5316820948554035,-1.0296777605799412,0,0.0
974,-1.467169750099621,-0.5279871572253416,0.8559661576469328,-0.37393317164933154,0.2000026844652578,-1.1979807616554465,0,0.0
975,1.6226357533245421,-1.0229751171240995,-0.9884271301329418,1.2532781932302661,0.36584238966033067,-1.0296777605799412,0,0.0
977,0.4842863573261662,1.6169606690026093,1.358982508859626,-1.1875388540891303,-0.6291958415101065,1.663170256628143,0,0.0
978,-0.6540630386722097,-1.0229751171240995,-1.491443481345635,0.43967251079046726,0.5316820948554035,0.1484432469485956,0,0.0
979,1.6226357533245421,0.4619887625721742,-0.48541077892024875,-0.5366543081372913,0.2000026844652578,0.1484432469485956,0,0.0
980,-1.6297910923851033,0.2969927759392549,-0.9884271301329418,1.4159993297182258,-1.458394367485471,-1.7028897648819623,0,0.0
981,0.8095290418971307,-0.03299919732658374,1.358982508859626,0.602393647278427,1.029201210440622,-1.7028897648819623,0,0.0
982,1.4600144110390598,0.7919807358380128,-0.15006654477845338,0.602393647278427,1.195040915635695,-0.019859754126909674,0,0.0
983,0.4842863573261662,1.1219727091038514,0.6882940405760352,0.9278359202543466,0.36584238966033067,0.6533522501751113,0,0.0
984,-0.9793057232431743,-0.36299117059242236,0.5206219235051375,-0.8620965811132109,-0.2975164311199608,-1.3662837627309516,0,0.0
985,-1.467169750099621,0.6269847492050935,-0.8207550130620441,-0.04849089867341202,-1.1267149570953252,1.3265642544771323,0,0.0
987,0.8095290418971307,1.2869686957367708,-0.15006654477845338,0.9278359202543466,-0.6291958415101065,-1.534586763806457,0,0.0
988,1.1347717264680952,0.13199678930633557,1.6943267430014213,-0.5366543081372913,1.029201210440622,0.4850492490996061,0,0.0
989,-0.49144169638672747,-0.5279871572253416,1.1913103917887282,-1.0248177176011706,-0.2975164311199608,-1.534586763806457,0,0.0
990,-0.16619901181576294,-0.692983143858261,0.35294980643423973,1.4159993297182258,0.8633615052455492,0.6533522501751113,0,0.0
991,-0.9793057232431743,0.4619887625721742,0.6882940405760352,0.7651147837663868,0.36584238966033067,1.663170256628143,0,0.0
992,1.2973930687535775,-1.5179630770228574,0.8559661576469328,-0.04849089867341202,0.36584238966033067,-0.18816275520241493,0,0.0
993,-0.003577669530280649,0.7919807358380128,0.35294980643423973,1.4159993297182258,-0.46335613631503364,-1.7028897648819623,0,0.0
994,-1.304548407814139,-1.3529670903899382,1.6943267430014213,-1.0248177176011706,1.3608806208307678,-1.7028897648819623,0,0.0
995,-0.16619901181576294,-1.0229751171240995,-0.48541077892024875,-0.21121203516137177,0.5316820948554035,-1.1979807616554465,0,0.0
997,-1.1419270655286566,0.2969927759392549,0.5206219235051375,1.5787204662061856,-0.2975164311199608,0.8216552512506167,0,0.0
998,-0.49144169638672747,1.1219727091038514,-1.3237713642747373,-1.0248177176011706,0.36584238966033067,1.1582612534016272,0,0.0
969,1.1347717264680952,1.1219727091038514,-0.31773866184935107,0.11423023781454775,1.6925600312209135,-1.1979807616554465,0,0.0
967,0.4842863573261662,-0.36299117059242236,0.18527768936334202,-0.37393317164933154,0.6975218000504764,-0.861374759504436,0,0.0
940,-0.16619901181576294,1.6169606690026093,0.8559661576469328,-0.8620965811132109,-1.6242340726805438,0.4850492490996061,0,0.0
966,-0.816684380957692,1.45196468236969,1.6943267430014213,-1.0248177176011706,-0.9608752519002522,0.6533522501751113,0,0.0
941,-0.3288203541012452,-1.5179630770228574,-0.48541077892024875,-0.699375444625251,0.8633615052455492,0.31674624802410084,0,0.0
942,-0.49144169638672747,0.2969927759392549,0.6882940405760352,-0.37393317164933154,0.03416297927018493,-1.7028897648819623,0,0.0
943,0.4842863573261662,-0.5279871572253416,1.0236382747178305,-1.0248177176011706,1.029201210440622,0.4850492490996061,0,0.0
944,1.2973930687535775,1.2869686957367708,-0.15006654477845338,-1.0248177176011706,-1.6242340726805438,0.8216552512506167,0,0.0
945,-1.467169750099621,0.9569767224709321,-0.15006654477845338,-0.699375444625251,0.6975218000504764,0.4850492490996061,0,0.0
946,-0.3288203541012452,0.4619887625721742,0.5206219235051375,1.0905570567423064,0.6975218000504764,-1.534586763806457,0,0.0
947,-1.467169750099621,-0.8579791304911802,1.0236382747178305,0.11423023781454775,-0.6291958415101065,-0.6930717584289308,0,0.0
948,0.972150384182613,-1.3529670903899382,-0.48541077892024875,1.0905570567423064,0.8633615052455492,-0.6930717584289308,0,0.0
949,1.6226357533245421,0.6269847492050935,-1.1560992472038396,0.602393647278427,-0.46335613631503364,1.663170256628143,0,0.0
950,1.1347717264680952,1.45196468236969,0.35294980643423973,0.602393647278427,-0.6291958415101065,-1.3662837627309516,0,0.0
951,0.3216650150406839,-0.03299919732658374,0.6882940405760352,-0.8620965811132109,-0.2975164311199608,-0.18816275520241493,0,0.0
952,-0.16619901181576294,-0.5279871572253416,1.0236382747178305,0.602393647278427,0.03416297927018493,-0.5247687573534254,0,0.0
953,0.3216650150406839,0.6269847492050935,-0.8207550130620441,-0.04849089867341202,-1.6242340726805438,0.6533522501751113,0,0.0
954,1.4600144110390598,-0.8579791304911802,0.01760557229244433,-1.6757022635530097,-1.292554662290398,0.31674624802410084,0,0.0
955,-0.816684380957692,-0.5279871572253416,1.5266546259305236,0.43967251079046726,0.5316820948554035,-1.7028897648819623,0,0.0
956,0.972150384182613,1.2869686957367708,-0.15006654477845338,-0.04849089867341202,-0.7950355467051794,1.4948672555526377,0,0.0
957,-1.1419270655286566,-0.692983143858261,-0.31773866184935107,-1.51298112706505,0.36584238966033067,0.1484432469485956,0,0.0
958,0.4842863573261662,-0.692983143858261,1.6943267430014213,-1.35025999057709,0.36584238966033067,1.4948672555526377,0,0.0
959,0.4842863573261662,-1.3529670903899382,0.5206219235051375,-0.37393317164933154,1.5267203260258406,1.663170256628143,0,0.0
960,-0.3288203541012452,0.6269847492050935,0.5206219235051375,-0.8620965811132109,-0.9608752519002522,-0.019859754126909674,0,0.0
961,-0.816684380957692,0.4619887625721742,0.6882940405760352,-0.5366543081372913,1.6925600312209135,-1.534586763806457,0,0.0
962,0.8095290418971307,-1.0229751171240995,-1.491443481345635,-1.51298112706505,0.8633615052455492,-1.0296777605799412,0,0.0
963,0.15904367275520162,-0.03299919732658374,1.5266546259305236,1.4159993297182258,0.36584238966033067,-1.0296777605799412,0,0.0
964,1.2973930687535775,-1.5179630770228574,1.0236382747178305,-1.51298112706505,-0.6291958415101065,0.9899582523261219,0,0.0
965,-1.1419270655286566,-0.03299919732658374,-0.31773866184935107,-0.04849089867341202,0.36584238966033067,-0.861374759504436,0,0.0
874,-0.003577669530280649,0.13199678930633557,1.0236382747178305,0.11423023781454775,1.195040915635695,1.663170256628143,0,0.0
872,-0.16619901181576294,-1.6829590636557767,1.1913103917887282,1.4159993297182258,-0.13167672592488794,1.663170256628143,0,0.0
738,-1.467169750099621,-0.692983143858261,-1.1560992472038396,1.2532781932302661,0.03416297927018493,-0.019859754126909674,0,0.0
772,-1.304548407814139,-1.5179630770228574,-0.15006654477845338,-1.0248177176011706,0.36584238966033067,0.1484432469485956,0,0.0
774,0.6469076996116484,-1.6829590636557767,-0.6530828959911464,0.2769513743025075,0.8633615052455492,-0.5247687573534254,0,0.0
776,0.3216650150406839,1.6169606690026093,1.0236382747178305,-0.37393317164933154,1.029201210440622,0.4850492490996061,0,0.0
777,0.4842863573261662,0.13199678930633557,0.01760557229244433,-1.51298112706505,1.6925600312209135,1.1582612534016272,0,0.0
778,0.6469076996116484,1.45196468236969,1.1913103917887282,-1.1875388540891303,-0.9608752519002522,0.4850492490996061,0,0.0
779,0.972150384182613,-1.3529670903899382,-1.1560992472038396,-1.0248177176011706,-1.1267149570953252,-0.6930717584289308,0,0.0
780,0.15904367275520162,0.9569767224709321,1.1913103917887282,-1.51298112706505,-0.6291958415101065,1.4948672555526377,0,0.0
781,-0.816684380957692,0.13199678930633557,-0.48541077892024875,0.9278359202543466,-0.46335613631503364,1.663170256628143,0,0.0
782,-0.49144169638672747,1.2869686957367708,-0.8207550130620441,0.11423023781454775,1.6925600312209135,1.4948672555526377,0,0.0
785,0.6469076996116484,0.4619887625721742,-0.6530828959911464,0.2769513743025075,-0.13167672592488794,-0.861374759504436,0,0.0
787,0.3216650150406839,-1.1879711037570189,-1.491443481345635,-1.51298112706505,1.3608806208307678,0.9899582523261219,0,0.0
788,0.6469076996116484,0.13199678930633557,-1.3237713642747373,-0.04849089867341202,-1.1267149570953252,-1.3662837627309516,0,0.0
789,-1.1419270655286566,0.9569767224709321,0.8559661576469328,1.2532781932302661,-0.6291958415101065,0.1484432469485956,0,0.0
790,1.6226357533245421,0.4619887625721742,-0.48541077892024875,-0.8620965811132109,-1.6242340726805438,0.1484432469485956,0,0.0
791,0.15904367275520162,-1.6829590636557767,-0.8207550130620441,-0.8620965811132109,-0.46335613631503364,-1.534586763806457,0,0.0
792,-1.467169750099621,0.6269847492050935,0.35294980643423973,-0.5366543081372913,1.029201210440622,0.9899582523261219,0,0.0
793,-0.816684380957692,0.2969927759392549,-0.48541077892024875,0.2769513743025075,1.6925600312209135,0.1484432469485956,0,0.0
794,-1.6297910923851033,-0.19799518395950305,0.8559661576469328,1.0905570567423064,1.6925600312209135,-0.019859754126909674,0,0.0
795,-0.6540630386722097,1.45196468236969,0.01760557229244433,1.4159993297182258,-0.9608752519002522,1.3265642544771323,0,0.0
796,0.6469076996116484,-0.36299117059242236,-1.6591155984165327,-1.35025999057709,1.5267203260258406,-0.3564657562779202,0,0.0
797,-1.1419270655286566,-1.3529670903899382,1.5266546259305236,-0.5366543081372913,0.5316820948554035,0.1484432469485956,0,0.0
798,1.4600144110390598,0.7919807358380128,0.35294980643423973,-1.1875388540891303,1.195040915635695,-0.3564657562779202,0,0.0
800,0.8095290418971307,0.13199678930633557,-0.48541077892024875,0.7651147837663868,-1.6242340726805438,-1.7028897648819623,0,0.0
801,-0.9793057232431743,1.45196468236969,-1.491443481345635,1.5787204662061856,0.36584238966033067,0.1484432469485956,0,0.0
802,-0.6540630386722097,-0.5279871572253416,1.5266546259305236,0.602393647278427,1.5267203260258406,1.1582612534016272,0,0.0
803,-1.1419270655286566,1.1219727091038514,0.5206219235051375,-0.21121203516137177,-0.7950355467051794,0.1484432469485956,0,0.0
773,0.3216650150406839,-1.1879711037570189,1.6943267430014213,1.2532781932302661,-0.2975164311199608,-0.3564657562779202,0,0.0
771,-0.816684380957692,1.2869686957367708,-0.48541077892024875,0.43967251079046726,-0.7950355467051794,-0.5247687573534254,0,0.0
805,1.1347717264680952,-1.5179630770228574,-1.491443481345635,-0.5366543081372913,1.3608806208307678,1.663170256628143,0,0.0
770,1.6226357533245421,-1.6829590636557767,-1.3237713642747373,-0.5366543081372913,1.029201210440622,-1.7028897648819623,0,0.0
739,-1.467169750099621,1.2869686957367708,0.6882940405760352,-0.37393317164933154,-1.458394367485471,0.6533522501751113,0,0.0
740,-0.3288203541012452,0.4619887625721742,0.01760557229244433,0.2769513743025075,0.5316820948554035,0.31674624802410084,0,0.0
741,-1.6297910923851033,0.13199678930633557,0.6882940405760352,-0.04849089867341202,-0.6291958415101065,0.6533522501751113,0,0.0
742,-0.3288203541012452,0.4619887625721742,-1.6591155984165327,0.602393647278427,-1.292554662290398,-1.534586763806457,0,0.0
743,-0.16619901181576294,-0.03299919732658374,0.01760557229244433,-0.8620965811132109,-1.292554662290398,0.6533522501751113,0,0.0
744,0.8095290418971307,-0.19799518395950305,1.6943267430014213,1.4159993297182258,-1.1267149570953252,0.1484432469485956,0,0.0
745,-0.6540630386722097,-0.5279871572253416,1.1913103917887282,-0.37393317164933154,-1.458394367485471,-0.861374759504436,0,0.0
746,0.3216650150406839,-1.6829590636557767,0.01760557229244433,0.43967251079046726,0.03416297927018493,1.663170256628143,0,0.0
747,-0.816684380957692,-1.5179630770228574,-0.31773866184935107,0.11423023781454775,1.195040915635695,-0.6930717584289308,0,0.0
748,1.2973930687535775,-1.6829590636557767,0.5206219235051375,1.2532781932302661,-1.458394367485471,0.9899582523261219,0,0.0
749,-0.816684380957692,-0.692983143858261,-1.3237713642747373,-1.1875388540891303,-0.13167672592488794,1.1582612534016272,0,0.0
750,1.2973930687535775,0.6269847492050935,-0.8207550130620441,-1.35025999057709,-0.6291958415101065,0.31674624802410084,0,0.0
751,1.6226357533245421,-1.0229751171240995,0.8559661576469328,0.11423023781454775,0.03416297927018493,-0.18816275520241493,0,0.0
753,-0.49144169638672747,0.7919807358380128,1.0236382747178305,0.43967251079046726,0.03416297927018493,0.6533522501751113,0,0.0
754,0.4842863573261662,-0.03299919732658374,0.8559661576469328,-0.04849089867341202,-0.9608752519002522,1.4948672555526377,0,0.0
755,-0.16619901181576294,1.6169606690026093,-1.1560992472038396,1.0905570567423064,0.03416297927018493,1.663170256628143,0,0.0
756,-0.816684380957692,-0.692983143858261,-1.3237713642747373,-0.5366543081372913,0.36584238966033067,0.9899582523261219,0,0.0
757,-0.003577669530280649,-1.5179630770228574,1.1913103917887282,1.2532781932302661,-1.458394367485471,0.6533522501751113,0,0.0
759,-1.304548407814139,0.13199678930633557,1.5266546259305236,0.7651147837663868,-0.2975164311199608,-1.0296777605799412,0,0.0
760,-1.304548407814139,1.1219727091038514,-1.6591155984165327,-0.21121203516137177,1.6925600312209135,0.1484432469485956,0,0.0
761,1.1347717264680952,0.2969927759392549,-0.15006654477845338,0.2769513743025075,-1.458394367485471,0.4850492490996061,0,0.0
762,-1.6297910923851033,-0.8579791304911802,-1.491443481345635,-1.0248177176011706,0.8633615052455492,0.1484432469485956,0,0.0
764,0.4842863573261662,1.45196468236969,1.6943267430014213,-1.35025999057709,1.195040915635695,0.1484432469485956,0,0.0
766,-0.49144169638672747,1.45196468236969,-0.8207550130620441,0.11423023781454775,1.195040915635695,-0.5247687573534254,0,0.0
534,-0.16619901181576294,1.45196468236969,1.0236382747178305,0.11423023781454775,-1.6242340726805438,1.4948672555526377,0,0.0
804,1.2973930687535775,0.6269847492050935,-0.15006654477845338,0.11423023781454775,-0.9608752519002522,-0.019859754126909674,0,0.0
806,-0.3288203541012452,0.13199678930633557,1.5266546259305236,-0.21121203516137177,-0.2975164311199608,-1.534586763806457,0,0.0
871,-0.9793057232431743,0.2969927759392549,-0.8207550130620441,0.43967251079046726,-1.6242340726805438,-1.0296777605799412,0,0.0
841,1.6226357533245421,-1.5179630770228574,1.6943267430014213,-0.8620965811132109,1.6925600312209135,-1.1979807616554465,0,0.0
843,1.2973930687535775,-0.36299117059242236,-0.48541077892024875,1.4159993297182258,0.36584238966033067,-0.5247687573534254,0,0.0
844,-1.6297910923851033,0.7919807358380128,1.5266546259305236,1.2532781932302661,-0.9608752519002522,-0.019859754126909674,0,0.0
845,-0.003577669530280649,0.9569767224709321,-0.15006654477845338,1.2532781932302661,0.2000026844652578,-0.3564657562779202,0,0.0
846,0.8095290418971307,1.6169606690026093,-1.491443481345635,-1.35025999057709,-1.292554662290398,1.4948672555526377,0,0.0
848,1.4600144110390598,-0.03299919732658374,-1.3237713642747373,-1.0248177176011706,-0.2975164311199608,0.9899582523261219,0,0.0
849,-0.3288203541012452,-0.03299919732658374,0.35294980643423973,1.5787204662061856,1.3608806208307678,0.6533522501751113,0,0.0
850,-0.9793057232431743,-1.0229751171240995,-1.1560992472038396,1.2532781932302661,1.6925600312209135,-1.1979807616554465,0,0.0
851,-0.49144169638672747,0.6269847492050935,0.6882940405760352,-0.8620965811132109,-0.46335613631503364,0.9899582523261219,0,0.0
852,1.4600144110390598,-1.0229751171240995,0.8559661576469328,-1.6757022635530097,0.2000026844652578,1.4948672555526377,0,0.0
853,-0.3288203541012452,-1.1879711037570189,0.8559661576469328,1.2532781932302661,0.36584238966033067,-0.18816275520241493,0,0.0
854,-0.49144169638672747,-0.692983143858261,1.1913103917887282,-0.21121203516137177,-0.2975164311199608,0.4850492490996061,0,0.0
855,-0.49144169638672747,-1.0229751171240995,-0.15006654477845338,0.2769513743025075,-0.9608752519002522,1.663170256628143,0,0.0
856,-0.16619901181576294,-0.36299117059242236,1.1913103917887282,-1.6757022635530097,-0.7950355467051794,-0.18816275520241493,0,0.0
857,-0.16619901181576294,0.9569767224709321,1.358982508859626,-1.51298112706505,0.8633615052455492,-0.6930717584289308,0,0.0
858,1.6226357533245421,-0.19799518395950305,-0.48541077892024875,0.11423023781454775,-0.7950355467051794,-0.019859754126909674,0,0.0
860,1.6226357533245421,-0.36299117059242236,0.5206219235051375,0.43967251079046726,1.029201210440622,0.31674624802410084,0,0.0
861,-0.816684380957692,-1.3529670903899382,-0.15006654477845338,-0.699375444625251,-1.6242340726805438,-0.3564657562779202,0,0.0
863,1.6226357533245421,-1.1879711037570189,1.5266546259305236,-1.0248177176011706,1.6925600312209135,0.31674624802410084,0,0.0
864,-1.1419270655286566,1.1219727091038514,-1.491443481345635,0.9278359202543466,1.3608806208307678,-1.0296777605799412,0,0.0
865,-0.6540630386722097,-1.0229751171240995,1.1913103917887282,0.43967251079046726,0.2000026844652578,-0.861374759504436,0,0.0
866,1.4600144110390598,-1.6829590636557767,1.0236382747178305,1.0905570567423064,0.8633615052455492,-0.3564657562779202,0,0.0
867,-0.816684380957692,-1.1879711037570189,-0.48541077892024875,0.11423023781454775,0.2000026844652578,0.4850492490996061,0,0.0
